id,first_name,email,gender,location,final_note
30000001,Godard,gspoors0@google.ru,non-binary,africa,A
30000002,Maje,mhornbuckle1@si.edu,transgender,europe,F
30000003,Alfons,acuckoo2@army.mil,female,asia,E
30000004,Neil,ncrayker3@facebook.com,agender,europe,G
30000005,Danell,ddrewry4@instagram.com,agender,europe,G
30000006,Chicky,cartingstall5@tripadvisor.com,male,america,F
30000007,Jarrett,jbembrick6@liveinternet.ru,transgender,asia,F
30000008,Carlee,cemlyn7@zimbio.com,transgender,europe,A
30000009,Aloin,abasset8@hp.com,transgender,oceania,D
30000010,Markos,mjandourek9@bbb.org,transgender,america,A
30000011,Ianthe,ibudgeta@purevolume.com,female,america,E
30000012,Hannah,hheidenb@elegantthemes.com,transgender,asia,E
30000013,Viola,vparadesc@studiopress.com,transgender,asia,A
30000014,Arliene,aleggsd@digg.com,female,america,F
30000015,Spense,sjearye@joomla.org,female,asia,D
30000016,Ginevra,ggoodboddyf@economist.com,male,oceania,G
30000017,Ivar,ibradnockeg@hp.com,male,asia,G
30000018,Willi,wchadbournh@fc2.com,non-binary,oceania,A
30000019,Jason,jtorrijosi@nature.com,non-binary,america,B
30000020,Giselle,gdominellij@oaic.gov.au,transgender,oceania,E
30000021,Gussie,gdeliak@drupal.org,non-binary,europe,B
30000022,Madelina,mweekesl@shop-pro.jp,transgender,oceania,E
30000023,Quinta,qtiebem@ucla.edu,male,america,B
30000024,Fay,fsallarien@histats.com,non-binary,africa,F
30000025,Judi,jfrunkso@trellian.com,male,asia,D
30000026,Booth,bchimesp@google.it,male,europe,D
30000027,Deb,dkivelleq@apple.com,male,america,A
30000028,Rina,rgaskinr@apple.com,non-binary,africa,D
30000029,Cornell,cgaleros@state.gov,non-binary,america,A
30000030,Lydia,lchallent@infoseek.co.jp,transgender,asia,F
30000031,Vivianna,vpetou@thetimes.co.uk,female,africa,G
30000032,Lise,lfurleyv@ycombinator.com,male,africa,C
30000033,Ardelle,afarlowew@mapquest.com,non-binary,europe,D
30000034,Freddy,fwhiteoakx@chron.com,agender,asia,D
30000035,Chan,cchengy@tmall.com,agender,europe,F
30000036,Andree,anorridgez@arizona.edu,female,america,C
30000037,Brigham,bbattey10@tmall.com,male,oceania,E
30000038,Barry,bhanley11@newyorker.com,agender,asia,F
30000039,Melonie,mmelsome12@blogs.com,female,asia,D
30000040,Wernher,wmatczak13@sciencedirect.com,female,america,B
30000041,Idalia,isiward14@cdc.gov,transgender,europe,F
30000042,Jermaine,jrepper15@blinklist.com,transgender,america,E
30000043,Jeri,jmichelet16@senate.gov,agender,asia,F
30000044,Alric,amellmer17@geocities.jp,transgender,asia,D
30000045,Marcy,mrichardin18@eepurl.com,transgender,asia,B
30000046,Lindi,ldall19@wikipedia.org,non-binary,asia,B
30000047,Misty,mhartman1a@dion.ne.jp,transgender,africa,C
30000048,Dani,dwesley1b@google.co.uk,non-binary,europe,G
30000049,Pavel,pkubelka1c@washington.edu,female,africa,A
30000050,Hazlett,haugie1d@domainmarket.com,male,oceania,G
30000051,Cicely,ctoffoletto1e@wikia.com,non-binary,africa,G
30000052,Britt,bharbour1f@un.org,female,america,E
30000053,Ginelle,gsingh1g@free.fr,female,europe,C
30000054,Jamesy,jmonday1h@time.com,female,america,B
30000055,Alisun,aheditch1i@unblog.fr,male,america,F
30000056,Shem,sjays1j@free.fr,transgender,america,E
30000057,Deb,dsang1k@accuweather.com,female,asia,F
30000058,Glen,glidgerton1l@hostgator.com,male,europe,F
30000059,Freemon,fprandini1m@fotki.com,non-binary,oceania,D
30000060,Betteann,bcomberbeach1n@ed.gov,transgender,europe,C
30000061,Rozanna,rpadgham1o@japanpost.jp,transgender,africa,D
30000062,Masha,mjeacock1p@whitehouse.gov,transgender,asia,E
30000063,Richmond,rcheevers1q@marketwatch.com,agender,america,C
30000064,Caty,ckinner1r@miitbeian.gov.cn,male,asia,G
30000065,Florry,fbrogan1s@furl.net,transgender,europe,E
30000066,Ruthe,rbutter1t@chicagotribune.com,transgender,america,A
30000067,Judas,jmilkin1u@flavors.me,agender,europe,B
30000068,Dita,dbedells1v@nasa.gov,non-binary,america,G
30000069,Penn,pscurfield1w@biblegateway.com,male,america,D
30000070,Napoleon,nhartwell1x@pagesperso-orange.fr,male,asia,A
30000071,Didi,dcarlesi1y@umn.edu,agender,europe,A
30000072,Sherwood,srenvoys1z@a8.net,female,america,E
30000073,Merell,mbarme20@youtube.com,non-binary,america,C
30000074,Antonia,awhitrod21@newyorker.com,transgender,africa,C
30000075,Anne-marie,ahorribine22@tripod.com,non-binary,america,C
30000076,Ranna,rgamblin23@nydailynews.com,agender,oceania,D
30000077,Gwenny,gigo24@yellowpages.com,agender,europe,F
30000078,Linell,lorpin25@facebook.com,female,america,B
30000079,Ralph,rhaselgrove26@hexun.com,non-binary,europe,C
30000080,Yehudit,ycopelli27@netscape.com,non-binary,america,D
30000081,Caz,cbarta28@indiatimes.com,male,oceania,G
30000082,Tiphany,tvint29@latimes.com,male,oceania,D
30000083,Fay,fmorrell2a@unc.edu,transgender,america,B
30000084,Corby,cnewvell2b@usatoday.com,male,america,B
30000085,Willy,wvoff2c@surveymonkey.com,male,asia,C
30000086,Iolanthe,idabels2d@skyrock.com,non-binary,asia,A
30000087,Valerie,vgallety2e@huffingtonpost.com,transgender,america,F
30000088,Onofredo,osheeres2f@typepad.com,female,asia,D
30000089,Hillery,hsapson2g@51.la,female,oceania,D
30000090,Reinaldo,rverduin2h@independent.co.uk,female,asia,B
30000091,Ewen,etorresi2i@google.co.uk,transgender,america,B
30000092,Nikola,nondra2j@reverbnation.com,female,oceania,D
30000093,Shelley,sivimey2k@gov.uk,non-binary,oceania,E
30000094,Estell,ebonnick2l@mapquest.com,male,america,D
30000095,Kristoforo,kainscow2m@bloglines.com,male,africa,F
30000096,Selestina,spiscopiello2n@is.gd,male,america,G
30000097,Fiann,fsharnock2o@hibu.com,transgender,africa,F
30000098,Kristen,kduffill2p@ihg.com,male,europe,E
30000099,Cissy,cbriton2q@blogtalkradio.com,agender,africa,F
30000100,Karel,kjeremaes2r@w3.org,male,america,A
30000101,Minne,mivanilov2s@amazon.com,female,africa,A
30000102,Standford,seisikovitsh2t@imdb.com,female,oceania,G
30000103,Weylin,wesom2u@woothemes.com,male,asia,E
30000104,Odessa,ospracklin2v@hexun.com,non-binary,asia,D
30000105,Laughton,lvlahos2w@mac.com,transgender,america,D
30000106,Tracee,tdurbin2x@bbb.org,agender,europe,G
30000107,Deeann,dbeminster2y@nasa.gov,non-binary,asia,D
30000108,Lira,lamoore2z@yellowpages.com,female,oceania,D
30000109,Leanna,lsleeman30@google.ru,transgender,america,D
30000110,Godfry,garstingall31@harvard.edu,agender,asia,E
30000111,Lisa,loblein32@cmu.edu,non-binary,africa,B
30000112,Germaine,gpeerman33@ucoz.ru,non-binary,america,E
30000113,Itch,ifields34@cnn.com,non-binary,america,D
30000114,Hill,hjandac35@bloglines.com,female,asia,A
30000115,Konrad,kritzman36@soup.io,male,asia,B
30000116,Jewel,jbedin37@sina.com.cn,male,america,A
30000117,Maurita,mmeece38@cam.ac.uk,transgender,europe,C
30000118,Royall,rjanik39@virginia.edu,transgender,europe,A
30000119,Allyson,aalenshev3a@cbc.ca,male,europe,B
30000120,Felipe,fbasile3b@livejournal.com,agender,oceania,E
30000121,Rossy,rmarrow3c@wordpress.org,transgender,america,B
30000122,Andra,agumn3d@discuz.net,non-binary,asia,D
30000123,Robbie,rgilliam3e@icio.us,transgender,asia,F
30000124,Meggy,mprewett3f@indiegogo.com,non-binary,africa,F
30000125,Eddie,eouthwaite3g@hao123.com,non-binary,europe,G
30000126,Alessandra,aarnholdt3h@prweb.com,female,oceania,D
30000127,Trula,tverling3i@histats.com,transgender,europe,B
30000128,Maxy,mivanshintsev3j@army.mil,transgender,africa,E
30000129,Ronda,rfrodsham3k@163.com,agender,europe,D
30000130,Cinda,crose3l@boston.com,agender,oceania,G
30000131,Melony,mziem3m@t.co,non-binary,europe,F
30000132,Dilly,dcurryer3n@ycombinator.com,transgender,africa,D
30000133,Henrietta,hgloyens3o@t.co,female,africa,E
30000134,Michaelina,mdevita3p@washington.edu,male,america,C
30000135,Drusy,dbinning3q@senate.gov,agender,africa,G
30000136,Robinette,rbraker3r@sciencedirect.com,non-binary,africa,F
30000137,Aharon,afoxton3s@flavors.me,male,europe,F
30000138,Liane,lperritt3t@craigslist.org,non-binary,europe,D
30000139,Gorden,gziemen3u@google.ca,agender,europe,D
30000140,Cyrill,cniaves3v@unicef.org,male,europe,D
30000141,Maire,mrawlence3w@rakuten.co.jp,agender,america,D
30000142,Octavia,ovonhelmholtz3x@google.com.hk,agender,asia,F
30000143,Jazmin,jsnoxell3y@mapy.cz,transgender,asia,G
30000144,Rouvin,rchapell3z@home.pl,non-binary,europe,D
30000145,Elsa,edesimone40@tmall.com,male,america,G
30000146,Callida,ccrinson41@oakley.com,non-binary,africa,A
30000147,Neill,nhaquard42@yahoo.co.jp,transgender,america,F
30000148,Peterus,pmcmurrugh43@ihg.com,male,oceania,E
30000149,Forrest,fslany44@omniture.com,agender,africa,A
30000150,Dame,dwaddie45@wunderground.com,male,europe,E
30000151,Maxim,mcuckoo46@csmonitor.com,transgender,america,B
30000152,Wash,wmathiasen47@washington.edu,non-binary,america,C
30000153,Delcina,dscurfield48@chicagotribune.com,agender,america,B
30000154,Gunar,gmccaughen49@bbb.org,transgender,africa,F
30000155,Margarita,mellsworthe4a@statcounter.com,non-binary,oceania,G
30000156,Allianora,amacduff4b@weibo.com,female,america,D
30000157,Cesare,chellewell4c@home.pl,transgender,africa,D
30000158,Niccolo,npoulney4d@360.cn,transgender,africa,B
30000159,Laurens,ltottem4e@sina.com.cn,male,europe,E
30000160,Etta,epelfer4f@issuu.com,male,africa,E
30000161,Annissa,amacanellye4g@vinaora.com,agender,africa,A
30000162,Dorolisa,dadamik4h@cmu.edu,transgender,asia,F
30000163,Taddeo,tkrebs4i@tumblr.com,male,europe,B
30000164,Ulises,uhubbock4j@uol.com.br,agender,europe,C
30000165,Candida,cangrove4k@oracle.com,male,africa,B
30000166,Phebe,pnarup4l@umn.edu,agender,asia,A
30000167,Walton,wlochhead4m@usgs.gov,agender,africa,C
30000168,Innis,ieubank4n@wiley.com,transgender,asia,F
30000169,Marrissa,malliston4o@ucsd.edu,male,africa,C
30000170,Lou,lpetre4p@photobucket.com,non-binary,europe,C
30000171,Cesar,cmiliffe4q@discovery.com,non-binary,oceania,C
30000172,Clementina,clidierth4r@aboutads.info,agender,africa,C
30000173,Faber,flandy4s@skype.com,female,europe,E
30000174,Dag,dfassam4t@constantcontact.com,agender,europe,G
30000175,Tam,tevers4u@mozilla.org,non-binary,africa,B
30000176,Harper,hmowsdill4v@businessweek.com,male,asia,F
30000177,Shelia,smickleborough4w@lycos.com,non-binary,asia,F
30000178,Budd,bcaldes4x@opera.com,transgender,europe,B
30000179,Archie,aquincey4y@newyorker.com,non-binary,america,A
30000180,Franciska,fsibly4z@networkadvertising.org,non-binary,asia,F
30000181,Ruby,rkopelman50@flavors.me,male,america,D
30000182,Jyoti,jguidoni51@spotify.com,male,asia,A
30000183,Marianna,mpischof52@dropbox.com,agender,europe,A
30000184,Willis,whelliwell53@xinhuanet.com,non-binary,oceania,D
30000185,Lydia,lnaisbet54@telegraph.co.uk,agender,africa,A
30000186,Harbert,heakley55@globo.com,transgender,asia,D
30000187,Selene,smoysey56@github.io,non-binary,oceania,C
30000188,Ansley,abrealey57@behance.net,female,asia,D
30000189,Alyson,athorby58@ox.ac.uk,agender,asia,D
30000190,Vladimir,vpolkinghorne59@sina.com.cn,agender,europe,D
30000191,Correy,cdaber5a@java.com,non-binary,africa,G
30000192,Bernelle,bkowalski5b@si.edu,non-binary,america,B
30000193,Leontyne,lglencrosche5c@acquirethisname.com,agender,africa,E
30000194,Fredek,fgunstone5d@desdev.cn,non-binary,africa,A
30000195,Roanne,robeney5e@sphinn.com,male,america,D
30000196,Bebe,bpudge5f@freewebs.com,non-binary,oceania,A
30000197,Valle,vfumagalli5g@time.com,transgender,africa,C
30000198,Nathalia,nticic5h@bing.com,female,africa,A
30000199,Wilden,whaggerwood5i@businessinsider.com,male,europe,E
30000200,Elliot,earundel5j@goo.gl,transgender,asia,A
30000201,Lynnette,lkemish5k@smugmug.com,transgender,africa,G
30000202,Robinet,rlabba5l@skype.com,agender,europe,B
30000203,Mirella,mskipworth5m@spiegel.de,male,africa,D
30000204,Sheeree,sorrow5n@hc360.com,transgender,asia,F
30000205,Karin,klints5o@dagondesign.com,non-binary,asia,A
30000206,Ram,ridiens5p@digg.com,agender,asia,C
30000207,Bendick,bcapell5q@columbia.edu,male,europe,E
30000208,Michelina,mjeremaes5r@typepad.com,female,africa,G
30000209,Susana,sramsey5s@microsoft.com,male,asia,G
30000210,Nara,nchark5t@blogs.com,male,asia,A
30000211,Nap,nsegrave5u@utexas.edu,transgender,america,B
30000212,Roi,rpamplin5v@imdb.com,transgender,asia,G
30000213,Donn,djarrel5w@rambler.ru,male,africa,G
30000214,Reeva,rlambourne5x@photobucket.com,female,america,F
30000215,Elfrida,ehalfhyde5y@diigo.com,female,europe,G
30000216,Pincas,plyne5z@parallels.com,female,america,D
30000217,Saunder,ssopper60@apple.com,transgender,africa,A
30000218,Aurelie,acaulier61@opensource.org,male,oceania,G
30000219,Reuven,rfarn62@marriott.com,agender,africa,G
30000220,Jenna,jmatkin63@discuz.net,agender,africa,A
30000221,Filippo,fdeverose64@linkedin.com,female,america,B
30000222,Cristi,cstrauss65@wp.com,female,asia,C
30000223,Ashbey,amckaile66@linkedin.com,non-binary,oceania,C
30000224,Pen,pespy67@blog.com,female,europe,D
30000225,Julianna,jcluckie68@china.com.cn,female,europe,A
30000226,Bryn,brisely69@prweb.com,male,oceania,G
30000227,Papageno,pmather6a@uiuc.edu,non-binary,asia,B
30000228,Dedie,dbertlin6b@free.fr,male,oceania,D
30000229,Margalit,mbennike6c@army.mil,male,asia,F
30000230,Jocko,jempleton6d@fc2.com,agender,america,C
30000231,Daven,dyurivtsev6e@posterous.com,female,america,E
30000232,Janetta,jvaar6f@nps.gov,female,america,A
30000233,Walker,wdiwell6g@statcounter.com,non-binary,europe,A
30000234,Clive,csouster6h@istockphoto.com,male,africa,A
30000235,Tristan,tmulcock6i@walmart.com,agender,america,B
30000236,Gan,gzannotti6j@dot.gov,female,africa,G
30000237,Flossi,fhauxwell6k@indiegogo.com,non-binary,europe,C
30000238,Kora,kdei6l@wikia.com,transgender,asia,C
30000239,Loreen,laizikov6m@mapy.cz,transgender,asia,A
30000240,Samantha,ssowerbutts6n@japanpost.jp,transgender,oceania,G
30000241,Jodi,jbernt6o@tamu.edu,non-binary,america,A
30000242,Maurie,mandri6p@prlog.org,male,africa,B
30000243,Merrily,mpalister6q@wikia.com,non-binary,europe,B
30000244,Nealy,ncornejo6r@gnu.org,transgender,africa,F
30000245,Melinda,mdullingham6s@salon.com,agender,oceania,D
30000246,Gibby,gscalera6t@mediafire.com,transgender,europe,D
30000247,Elliot,esalomon6u@redcross.org,female,oceania,E
30000248,Crichton,cbramhall6v@earthlink.net,female,africa,G
30000249,Jilly,jlowings6w@rakuten.co.jp,non-binary,europe,E
30000250,Rollins,rtremellier6x@tuttocitta.it,male,oceania,G
30000251,Silvain,slaffling6y@mayoclinic.com,male,europe,B
30000252,Toma,tlundberg6z@accuweather.com,female,africa,B
30000253,Biddie,bchaize70@mayoclinic.com,agender,asia,A
30000254,Ethelin,emarten71@privacy.gov.au,male,asia,F
30000255,Shurwood,ssharple72@census.gov,non-binary,europe,G
30000256,Stormie,skezourec73@alexa.com,male,europe,D
30000257,Benedikta,bjorioz74@tripadvisor.com,agender,oceania,C
30000258,Mona,mdominique75@cargocollective.com,agender,africa,F
30000259,Courtnay,ctollet76@dell.com,agender,asia,F
30000260,Almira,aroland77@exblog.jp,male,america,A
30000261,Rosetta,rkettel78@issuu.com,female,oceania,C
30000262,Cari,cdeschelle79@dagondesign.com,agender,africa,C
30000263,Jobie,jmarkl7a@ebay.com,male,europe,D
30000264,Frannie,fsingyard7b@google.it,transgender,asia,F
30000265,Konstantin,kstopps7c@nasa.gov,male,oceania,C
30000266,Kellina,kmathieu7d@pagesperso-orange.fr,agender,america,E
30000267,Caprice,csetford7e@wufoo.com,female,america,A
30000268,Linell,lcaesman7f@state.tx.us,non-binary,africa,C
30000269,Thedrick,tcopley7g@state.gov,non-binary,asia,E
30000270,Page,pbestar7h@google.com.hk,male,europe,A
30000271,Carlota,clamperd7i@wisc.edu,non-binary,asia,C
30000272,Charlene,clasty7j@deliciousdays.com,non-binary,asia,A
30000273,Anatola,alangabeer7k@odnoklassniki.ru,agender,asia,B
30000274,Isaiah,imcilvenny7l@sohu.com,non-binary,africa,A
30000275,Barney,bpeile7m@csmonitor.com,transgender,america,B
30000276,Davidson,dcurman7n@chicagotribune.com,agender,africa,B
30000277,Wynn,wboast7o@pcworld.com,transgender,oceania,F
30000278,Dehlia,dbestwall7p@nbcnews.com,transgender,america,E
30000279,Fancie,fdmitr7q@typepad.com,agender,oceania,A
30000280,Liliane,lgossington7r@icio.us,agender,asia,F
30000281,Leigh,lbowdrey7s@kickstarter.com,agender,africa,C
30000282,Marcellus,mladbrook7t@cloudflare.com,female,africa,E
30000283,Cheri,cruthven7u@springer.com,male,africa,G
30000284,Cora,cblandford7v@ft.com,transgender,oceania,C
30000285,Ronald,rmartignoni7w@bandcamp.com,agender,europe,E
30000286,Charley,ceaklee7x@ibm.com,transgender,africa,B
30000287,Georgianna,gporch7y@slate.com,female,asia,B
30000288,Beauregard,btregidga7z@wp.com,male,america,C
30000289,Stanly,smillyard80@spotify.com,female,europe,G
30000290,Galvan,gbacks81@ovh.net,agender,europe,A
30000291,Pierce,pbellward82@apple.com,female,asia,E
30000292,Jacki,jscorey83@typepad.com,transgender,oceania,E
30000293,Natala,nyitzhakov84@guardian.co.uk,agender,asia,D
30000294,Rhodie,rgurnee85@spiegel.de,non-binary,asia,E
30000295,Fremont,fandryushin86@dion.ne.jp,agender,europe,D
30000296,Rica,rannandale87@ihg.com,transgender,america,G
30000297,Derward,daronin88@so-net.ne.jp,transgender,america,D
30000298,Layla,llongridge89@indiegogo.com,female,europe,D
30000299,Florrie,fwinfred8a@dot.gov,transgender,america,G
30000300,Aymer,aamort8b@simplemachines.org,transgender,europe,A
30000301,Tremayne,tmccue8c@joomla.org,agender,europe,G
30000302,Tybi,tvasilyev8d@ft.com,non-binary,oceania,E
30000303,Natalya,nsanney8e@oracle.com,transgender,africa,F
30000304,Viviana,vwiskar8f@virginia.edu,male,asia,B
30000305,Rosina,rlemm8g@wisc.edu,female,asia,F
30000306,Marcela,mpolhill8h@printfriendly.com,female,america,A
30000307,Barn,belham8i@dailymotion.com,female,asia,A
30000308,Brigitta,bknowlson8j@weibo.com,non-binary,asia,G
30000309,Silvana,swills8k@printfriendly.com,transgender,america,B
30000310,Tallie,tdellit8l@economist.com,male,america,D
30000311,Alberta,abernardez8m@google.nl,non-binary,europe,B
30000312,Pierrette,psarton8n@usda.gov,agender,america,F
30000313,Sidonnie,sludman8o@sogou.com,female,america,F
30000314,Roman,rishchenko8p@wikia.com,non-binary,asia,C
30000315,Knox,koppy8q@facebook.com,transgender,oceania,A
30000316,Car,cscroggins8r@guardian.co.uk,male,america,G
30000317,Dorey,dallchorn8s@altervista.org,transgender,oceania,C
30000318,Gardner,gwoffenden8t@mayoclinic.com,male,oceania,E
30000319,Erinna,ekleynen8u@cdc.gov,female,europe,F
30000320,Gay,gurry8v@live.com,non-binary,europe,E
30000321,Selene,shavile8w@npr.org,non-binary,africa,F
30000322,Norri,nloxley8x@huffingtonpost.com,female,america,E
30000323,Hillary,hfarrant8y@seesaa.net,agender,africa,A
30000324,Storm,smcaughtrie8z@scribd.com,female,oceania,G
30000325,Junina,jdedrick90@t.co,female,oceania,C
30000326,Marcelo,miacobini91@seattletimes.com,male,america,B
30000327,Eran,emarques92@merriam-webster.com,male,america,E
30000328,Opalina,oarnout93@jugem.jp,non-binary,africa,B
30000329,Henrietta,hclell94@omniture.com,female,america,G
30000330,Den,dbrayson95@typepad.com,agender,oceania,F
30000331,Georgi,gdrew96@ucsd.edu,female,asia,C
30000332,Wallace,walejo97@edublogs.org,transgender,europe,F
30000333,Shem,sstening98@mayoclinic.com,non-binary,oceania,A
30000334,Brana,beaston99@indiegogo.com,transgender,europe,B
30000335,Ward,wmowbury9a@rakuten.co.jp,non-binary,europe,G
30000336,Cointon,choodspeth9b@bloglines.com,female,oceania,D
30000337,Kittie,klytton9c@histats.com,male,asia,E
30000338,Ofella,oewells9d@goodreads.com,transgender,asia,F
30000339,Levon,ldureden9e@craigslist.org,non-binary,europe,F
30000340,Nanny,nwivell9f@bravesites.com,agender,america,G
30000341,Jolie,jparradine9g@macromedia.com,transgender,europe,B
30000342,Aryn,alattin9h@uiuc.edu,non-binary,asia,B
30000343,Grier,gcastanie9i@w3.org,female,asia,F
30000344,Eddi,efollin9j@hibu.com,transgender,europe,A
30000345,Clementia,cgalton9k@weather.com,non-binary,oceania,A
30000346,Jens,jperrycost9l@over-blog.com,female,africa,G
30000347,Frank,freglar9m@drupal.org,male,asia,C
30000348,Kittie,konians9n@go.com,agender,america,E
30000349,Blake,bbooler9o@intel.com,transgender,america,C
30000350,Clary,crenzullo9p@nifty.com,male,america,F
30000351,Elianore,ebahia9q@utexas.edu,male,america,B
30000352,Jessa,jastbery9r@facebook.com,non-binary,asia,A
30000353,Elinore,ebyk9s@odnoklassniki.ru,agender,oceania,E
30000354,Megen,mbrisson9t@mtv.com,non-binary,asia,E
30000355,Cecilia,clathwell9u@boston.com,male,oceania,G
30000356,Jackson,jmantrup9v@people.com.cn,female,america,D
30000357,Myron,mgrigg9w@buzzfeed.com,agender,asia,G
30000358,Karlee,kqueste9x@army.mil,non-binary,europe,D
30000359,Lorrin,lconor9y@ask.com,agender,europe,A
30000360,Theobald,twightman9z@alibaba.com,female,oceania,D
30000361,Rowen,rgravea0@ihg.com,transgender,europe,A
30000362,Deeyn,dhearona1@hhs.gov,agender,america,A
30000363,Nelson,ngatehousea2@hhs.gov,female,europe,E
30000364,Gav,gpimbletta3@flickr.com,agender,america,C
30000365,Rudd,rgraftonherberta4@multiply.com,transgender,africa,A
30000366,Madge,meaglestonea5@joomla.org,male,asia,A
30000367,Nancey,nmcgowna6@studiopress.com,male,europe,D
30000368,Brooke,bcabanea7@discovery.com,non-binary,oceania,C
30000369,Weidar,wscholiga8@plala.or.jp,agender,america,E
30000370,Kerrill,kelcouxa9@typepad.com,non-binary,america,E
30000371,Oates,opeperellaa@about.me,transgender,africa,D
30000372,Mitchael,mbradnockab@alexa.com,female,america,C
30000373,Lucretia,lcolliberac@theatlantic.com,male,oceania,A
30000374,Garland,gpuryad@ebay.co.uk,agender,oceania,C
30000375,Evania,echaddockae@ed.gov,female,asia,F
30000376,Bale,bfleischmannaf@list-manage.com,transgender,europe,F
30000377,Kandy,kwakenshawag@weebly.com,female,africa,E
30000378,Kala,krudolfah@bbc.co.uk,male,america,D
30000379,Gian,grainai@digg.com,non-binary,oceania,C
30000380,Gill,gleaburnaj@nifty.com,male,oceania,G
30000381,Constantine,cdanilchenkoak@hc360.com,transgender,europe,B
30000382,Chalmers,cthirtleal@go.com,non-binary,africa,C
30000383,Pier,psauram@tripod.com,agender,asia,C
30000384,Xylia,xdegouyan@wikimedia.org,female,europe,E
30000385,Pattie,pwaggao@webnode.com,non-binary,asia,C
30000386,Lorelle,lhueyap@huffingtonpost.com,agender,africa,G
30000387,Julie,jrobichonaq@sciencedirect.com,transgender,africa,G
30000388,Letti,lcraciear@prnewswire.com,transgender,africa,E
30000389,Johann,jpaslowas@hubpages.com,non-binary,asia,C
30000390,Briana,bsnarrat@photobucket.com,female,africa,G
30000391,Alys,acracoeau@japanpost.jp,transgender,oceania,C
30000392,Douglas,dmckoyav@businesswire.com,transgender,america,D
30000393,Bria,bkytteraw@umn.edu,transgender,asia,A
30000394,Jada,jmillottax@shinystat.com,male,oceania,D
30000395,Sande,sadranay@tiny.cc,agender,asia,D
30000396,Jareb,jstiegarsaz@sourceforge.net,female,africa,D
30000397,Cindi,chusselbeeb0@state.gov,male,europe,A
30000398,Carroll,cfaughnyb1@google.fr,female,africa,C
30000399,Peder,pwebsterb2@hugedomains.com,agender,africa,D
30000400,Emmey,elandab3@dyndns.org,non-binary,asia,C
30000401,Fedora,fskillingb4@blogspot.com,male,oceania,B
30000402,Amelina,aendrighib5@epa.gov,transgender,america,A
30000403,Therine,tpollastroneb6@icq.com,non-binary,africa,F
30000404,Ambrosio,abachb7@time.com,agender,asia,G
30000405,Cloris,cyarkerb8@icio.us,transgender,america,E
30000406,Malachi,mmacclayb9@livejournal.com,female,asia,F
30000407,Harrison,hlambardba@marriott.com,transgender,asia,D
30000408,Phoebe,ppagelbb@zimbio.com,female,oceania,D
30000409,Kaela,kchattawaybc@e-recht24.de,agender,africa,F
30000410,Hilton,hcolloffbd@devhub.com,agender,oceania,G
30000411,Irwin,ibenthallbe@scientificamerican.com,agender,africa,G
30000412,Melvin,msanneybf@oracle.com,female,oceania,E
30000413,Shana,smcfeebg@unicef.org,female,oceania,B
30000414,Alvina,astallwoodbh@smh.com.au,female,america,C
30000415,Sax,stoalbi@hubpages.com,male,oceania,A
30000416,Norton,npawlikbj@oracle.com,male,asia,A
30000417,Jeannine,jpratchettbk@utexas.edu,transgender,oceania,B
30000418,Paxton,pmanhoodbl@wordpress.com,agender,asia,C
30000419,Angel,agoucherbm@comsenz.com,non-binary,oceania,C
30000420,Winifield,wibanbn@archive.org,non-binary,oceania,B
30000421,Flory,fklasbo@nih.gov,transgender,asia,D
30000422,Gusti,gjennaroybp@jimdo.com,non-binary,america,C
30000423,Beitris,bcarlobq@admin.ch,non-binary,africa,A
30000424,Joyan,jemettbr@mapquest.com,male,europe,F
30000425,Jake,jwolstencroftbs@hugedomains.com,agender,oceania,G
30000426,Ellwood,ekearybt@independent.co.uk,agender,europe,F
30000427,Carmelle,chalgarthbu@github.com,female,europe,G
30000428,Avrom,aflewbv@engadget.com,male,oceania,G
30000429,Huey,hrichiebw@ibm.com,transgender,africa,F
30000430,Lizzie,lballingbx@photobucket.com,female,america,D
30000431,Corbet,cpratteby@facebook.com,female,europe,G
30000432,Rubetta,rsiderfinbz@vk.com,male,oceania,E
30000433,Myrtice,mholdronc0@loc.gov,male,asia,B
30000434,Myrtia,mbefroyc1@indiatimes.com,non-binary,america,G
30000435,Morty,mlourensc2@shareasale.com,transgender,europe,D
30000436,Simeon,sricartc3@elegantthemes.com,agender,africa,F
30000437,Drew,dnoddlesc4@fema.gov,transgender,africa,A
30000438,Rebekkah,reberleinc5@linkedin.com,non-binary,america,B
30000439,Seana,slacostec6@jiathis.com,male,america,C
30000440,Jean,jmorfettc7@uiuc.edu,transgender,asia,F
30000441,Darlene,dsharplessc8@constantcontact.com,male,europe,A
30000442,Cilka,caddeycottc9@dagondesign.com,agender,asia,A
30000443,Danyette,dstebbingsca@salon.com,non-binary,oceania,C
30000444,Bernita,bkennercb@tripadvisor.com,non-binary,africa,B
30000445,Bart,bmcconnultycc@slideshare.net,non-binary,europe,F
30000446,Bart,bcumbercd@comcast.net,agender,america,A
30000447,Evelyn,esheehyce@reddit.com,female,asia,G
30000448,Ashli,aarmsdencf@etsy.com,male,asia,C
30000449,Jaine,jhamlycg@woothemes.com,male,oceania,F
30000450,Sheelagh,smcilwraithch@instagram.com,non-binary,europe,C
30000451,Peyton,pscamadineci@e-recht24.de,agender,africa,D
30000452,Rick,rlogescj@creativecommons.org,male,europe,F
30000453,Hilary,hkliementck@fema.gov,non-binary,africa,B
30000454,Sterne,sgladhillcl@google.com.br,transgender,europe,A
30000455,Jamey,jcosticm@go.com,female,america,B
30000456,Mel,mcristofalocn@i2i.jp,non-binary,america,B
30000457,Delinda,dfahyco@so-net.ne.jp,agender,asia,A
30000458,Moreen,mangelinicp@aol.com,male,africa,B
30000459,Seamus,socoskerrycq@google.nl,agender,america,E
30000460,Nanci,nraimbauldcr@friendfeed.com,non-binary,europe,E
30000461,Damiano,dgrandcs@wunderground.com,male,europe,G
30000462,Nathan,nbruntjenct@about.com,non-binary,asia,A
30000463,Appolonia,acakebreadcu@huffingtonpost.com,female,oceania,B
30000464,Donny,dstrauncv@fastcompany.com,female,america,E
30000465,Leontine,lwaliszekcw@hibu.com,agender,america,C
30000466,Bea,bstarkingcx@livejournal.com,transgender,europe,B
30000467,Ephraim,esanderscy@telegraph.co.uk,transgender,europe,D
30000468,Darci,dstollmeiercz@samsung.com,transgender,africa,F
30000469,Alexandre,aclothierd0@psu.edu,agender,europe,B
30000470,Lorianne,lboxalld1@webmd.com,transgender,europe,F
30000471,Kris,klapishd2@joomla.org,female,africa,D
30000472,Judith,jdimmickd3@si.edu,non-binary,europe,D
30000473,Parry,pfennersd4@themeforest.net,male,europe,A
30000474,Blondy,bciobutarod5@seesaa.net,agender,oceania,A
30000475,Malory,mmacgiollapheadaird6@sbwire.com,female,america,C
30000476,Alyda,asaigerd7@umn.edu,female,oceania,D
30000477,Benetta,bsuchd8@adobe.com,female,america,G
30000478,Merv,maisthorped9@tiny.cc,agender,europe,G
30000479,Jerry,jbrokerda@taobao.com,female,africa,B
30000480,Sharia,scampsdb@sohu.com,transgender,africa,D
30000481,Eden,edarydc@pen.io,male,oceania,E
30000482,Haroun,halflattdd@symantec.com,non-binary,africa,A
30000483,Hermy,hgierckde@edublogs.org,non-binary,europe,B
30000484,Ludvig,lmadnerdf@opensource.org,agender,asia,E
30000485,Danyette,dkaygilldg@disqus.com,transgender,europe,G
30000486,Ara,anellerdh@google.pl,non-binary,africa,D
30000487,Tildie,tluckesdi@house.gov,agender,oceania,G
30000488,Tessi,tfaierdj@imageshack.us,female,africa,B
30000489,Arlee,aarmfielddk@rambler.ru,male,america,F
30000490,Muffin,mmacgarritydl@cdbaby.com,female,europe,E
30000491,Thekla,tjessdm@icq.com,transgender,europe,F
30000492,Welsh,wlewerenzdn@ca.gov,transgender,europe,A
30000493,Rozalin,rkempshalldo@ed.gov,agender,asia,F
30000494,Federico,fbartondp@w3.org,non-binary,oceania,E
30000495,Karel,kkunathdq@weibo.com,transgender,oceania,F
30000496,Al,aschubertdr@archive.org,agender,asia,C
30000497,Lenka,lbrosiods@nasa.gov,transgender,europe,D
30000498,Grove,gmcilveendt@walmart.com,non-binary,america,E
30000499,Jedidiah,jmordandu@g.co,transgender,america,B
30000500,Mikol,mpardondv@nps.gov,male,asia,G
30000501,Nicolle,nshelbournedw@mlb.com,male,oceania,F
30000502,Hamlin,hstruthersdx@histats.com,female,europe,E
30000503,Del,dlapworthdy@com.com,non-binary,europe,C
30000504,Jan,jmanuelydz@vistaprint.com,transgender,asia,E
30000505,Judd,jcarne0@imdb.com,transgender,europe,B
30000506,Rand,rkaleye1@google.it,female,europe,C
30000507,Sapphire,spetrassoe2@canalblog.com,male,asia,D
30000508,Gillan,gumberse3@arstechnica.com,female,asia,D
30000509,Bordy,bwoffendene4@technorati.com,non-binary,america,A
30000510,Lorelei,lheighoe5@joomla.org,agender,oceania,D
30000511,Georgina,gmeinecke6@cnbc.com,non-binary,europe,F
30000512,Rozele,rcaudlee7@nature.com,agender,europe,F
30000513,Baryram,bbuffhame8@deviantart.com,non-binary,asia,G
30000514,Morgen,meddollse9@ustream.tv,transgender,europe,F
30000515,Noble,nchesleyea@mit.edu,transgender,america,A
30000516,Artemis,arogeroteb@google.pl,agender,oceania,G
30000517,Ardath,anicholsonec@wix.com,agender,oceania,B
30000518,Dorene,dadrianied@dailymail.co.uk,transgender,oceania,E
30000519,Jard,jeglintonee@behance.net,transgender,africa,C
30000520,Dalia,duzzellef@miitbeian.gov.cn,male,europe,B
30000521,Dinny,dmccullogheg@yelp.com,male,america,A
30000522,Patrice,probsoneh@ihg.com,transgender,oceania,A
30000523,Bevan,bkensonei@chron.com,female,asia,E
30000524,Belva,byabsleyej@mozilla.com,agender,asia,E
30000525,Bendite,bpeticanek@nba.com,non-binary,africa,D
30000526,Sonya,sblanninel@naver.com,female,europe,G
30000527,Bil,bcosseyem@admin.ch,male,europe,C
30000528,Ed,estenhouseen@shinystat.com,transgender,oceania,D
30000529,Gustavo,gcockraneo@ameblo.jp,male,america,G
30000530,Tobie,tbraghiniep@phoca.cz,female,asia,A
30000531,Lem,ldonnisoneq@bloomberg.com,transgender,europe,D
30000532,Davin,dgoodrighter@qq.com,transgender,europe,A
30000533,Stanwood,syoxalles@ted.com,transgender,asia,C
30000534,Kermie,kpiggottet@github.io,male,europe,F
30000535,Karna,kgermaneu@techcrunch.com,male,america,G
30000536,Brandtr,bcaulfieldev@nifty.com,agender,america,F
30000537,Loraine,lgreensteadew@reddit.com,transgender,oceania,G
30000538,Felizio,fhowerdex@mayoclinic.com,male,europe,E
30000539,Morty,mpammentey@shinystat.com,agender,america,A
30000540,Chicky,cmcgeechanez@thetimes.co.uk,female,europe,E
30000541,Laural,lberfootf0@vkontakte.ru,transgender,asia,G
30000542,Lutero,lcossingtonf1@163.com,transgender,europe,D
30000543,Patty,pmanochf2@addthis.com,male,africa,D
30000544,Manda,mchamleyf3@boston.com,agender,america,A
30000545,Wallache,wbroderickf4@blogs.com,male,africa,F
30000546,Beverley,bfullertonf5@squidoo.com,female,europe,B
30000547,Morris,mmounseyf6@europa.eu,agender,asia,D
30000548,Anne-corinne,areckusf7@free.fr,agender,america,D
30000549,Silvio,sarnoppf8@independent.co.uk,non-binary,oceania,B
30000550,Broddie,bbalduccif9@oracle.com,non-binary,asia,F
30000551,Dominique,dmattheisfa@theglobeandmail.com,transgender,europe,A
30000552,Pall,pzapatafb@cornell.edu,female,america,A
30000553,Billye,bgoodhallfc@nba.com,transgender,america,C
30000554,Giff,gshutefd@studiopress.com,female,america,C
30000555,Franciska,fmerryweatherfe@reference.com,transgender,oceania,B
30000556,Margalit,mskerrittff@time.com,non-binary,africa,D
30000557,Cesaro,cmewisfg@slashdot.org,male,europe,F
30000558,Rivi,rninottifh@sitemeter.com,female,asia,B
30000559,Seana,sjamesfi@ihg.com,male,europe,A
30000560,Darrick,ddarlisonfj@mozilla.com,transgender,europe,C
30000561,Sheryl,sspoonerfk@ocn.ne.jp,male,africa,A
30000562,Reggis,rdurbanfl@fastcompany.com,female,oceania,F
30000563,Lucienne,linchanfm@adobe.com,transgender,oceania,A
30000564,Bendix,bgidleyfn@hhs.gov,female,africa,C
30000565,Rutledge,razemafo@bloomberg.com,male,america,E
30000566,Kean,ksawardfp@aol.com,male,europe,B
30000567,Chariot,cdesortsfq@reference.com,female,oceania,E
30000568,Herve,hmurriefr@alexa.com,agender,asia,C
30000569,Zonda,zgrenshieldsfs@ucsd.edu,female,asia,G
30000570,Graham,gshinglesft@thetimes.co.uk,female,america,E
30000571,Krishna,kspillerfu@bandcamp.com,transgender,europe,B
30000572,Alisun,acowerdfv@ow.ly,agender,asia,G
30000573,Berty,bhilandfw@google.fr,transgender,europe,D
30000574,Vannie,vstanettfx@psu.edu,female,africa,G
30000575,Boycie,bschubartfy@usnews.com,female,asia,F
30000576,Nicholas,nshererfz@dion.ne.jp,female,africa,A
30000577,Renado,rmcgebenayg0@lulu.com,male,asia,B
30000578,Yancey,ydinwoodieg1@fc2.com,agender,africa,B
30000579,Misty,mskarrg2@tuttocitta.it,agender,africa,B
30000580,Jeremiah,jtowardg3@theglobeandmail.com,transgender,america,E
30000581,Fania,fswanwickg4@bluehost.com,non-binary,oceania,A
30000582,Mahalia,myarmouthg5@dion.ne.jp,female,oceania,A
30000583,Gayel,gianittellog6@chronoengine.com,female,oceania,C
30000584,Myrtie,mrontschg7@github.io,agender,europe,D
30000585,Janet,jlissimoreg8@wix.com,male,africa,D
30000586,Catherine,ckurteng9@google.es,agender,america,G
30000587,Ange,ahourihanga@cdc.gov,transgender,america,E
30000588,Angelita,aokendengb@bigcartel.com,female,america,F
30000589,Sissie,sheggisongc@google.co.jp,female,asia,F
30000590,Sim,sprahmgd@indiegogo.com,non-binary,europe,E
30000591,Nesta,nleprovostge@gov.uk,transgender,oceania,D
30000592,Elayne,estembridgegf@weather.com,non-binary,europe,C
30000593,Ian,ihebburngg@cnet.com,non-binary,asia,A
30000594,Kelila,kgodbergh@washingtonpost.com,male,asia,F
30000595,Halsy,hbeechamgi@creativecommons.org,non-binary,america,C
30000596,Shellysheldon,spitthamgj@cbsnews.com,male,oceania,A
30000597,Rosie,rfreundgk@nasa.gov,agender,africa,E
30000598,Guthrie,gfoshgl@mozilla.org,male,africa,B
30000599,Chloette,cdupreygm@nbcnews.com,male,america,A
30000600,Rollins,rmoricangn@tmall.com,non-binary,africa,A
30000601,Corny,ccabrarago@bloglines.com,transgender,europe,D
30000602,Vinnie,vpeppingp@miitbeian.gov.cn,agender,asia,C
30000603,Ted,tbutterleygq@europa.eu,transgender,oceania,E
30000604,Timmi,tklimpgr@harvard.edu,non-binary,asia,C
30000605,Flemming,fcaldecourtgs@hao123.com,agender,america,B
30000606,Keary,kgelemangt@google.ru,agender,africa,F
30000607,Audi,acarrellgu@alexa.com,female,asia,E
30000608,Esther,eroggierigv@theatlantic.com,agender,europe,G
30000609,Sidoney,schattogw@1und1.de,transgender,europe,A
30000610,Hadrian,hflamankgx@amazon.com,female,africa,B
30000611,Liam,leytongy@list-manage.com,female,europe,C
30000612,Justina,jpallistergz@ow.ly,male,asia,D
30000613,Eziechiele,eciciottih0@blogspot.com,transgender,europe,D
30000614,Leontine,lpannamanh1@samsung.com,transgender,oceania,E
30000615,Madelle,mwilkisonh2@taobao.com,transgender,oceania,D
30000616,Torr,tpochonh3@hugedomains.com,male,oceania,A
30000617,Mose,mdeerh4@mayoclinic.com,transgender,asia,B
30000618,Jarid,jshoreyh5@admin.ch,agender,africa,B
30000619,Kinna,kbernsh6@list-manage.com,male,america,F
30000620,Jenda,jhaningtonh7@kickstarter.com,male,america,E
30000621,Zeke,zdavidh8@furl.net,female,asia,C
30000622,Tomkin,tholdh9@senate.gov,transgender,america,D
30000623,Basile,bbahikeha@xing.com,male,asia,C
30000624,Greggory,gtrehearnhb@theglobeandmail.com,transgender,asia,A
30000625,Korie,kmckibbinhc@who.int,non-binary,europe,G
30000626,Ardelia,atubritthd@upenn.edu,non-binary,asia,B
30000627,Burton,bbuttrickhe@about.me,male,oceania,C
30000628,Essa,efronczakhf@hugedomains.com,transgender,oceania,B
30000629,Morris,mgarberthg@census.gov,non-binary,oceania,B
30000630,Vicky,vsammuthh@slashdot.org,transgender,europe,B
30000631,Sheilah,sbizleyhi@smugmug.com,transgender,africa,C
30000632,Alma,ahlavecekhj@slideshare.net,male,africa,D
30000633,Reagen,rreamshk@goo.ne.jp,transgender,asia,G
30000634,Lacie,lnicklesshl@xinhuanet.com,transgender,oceania,C
30000635,Adena,abillaniehm@liveinternet.ru,male,europe,F
30000636,Mirella,mbefroyhn@drupal.org,agender,africa,C
30000637,Joly,jwrigglesworthho@tinyurl.com,male,africa,D
30000638,Deloria,dgaithp@deliciousdays.com,agender,europe,E
30000639,Daphene,djacobovitzhq@posterous.com,non-binary,oceania,D
30000640,Loralee,llowinhr@lycos.com,male,america,D
30000641,Nikolos,nallwardhs@tinyurl.com,transgender,oceania,D
30000642,Charmain,ctremolletht@ca.gov,agender,europe,G
30000643,Rowen,rferronihu@deliciousdays.com,transgender,europe,G
30000644,Etta,ehoweshv@bloglovin.com,transgender,oceania,E
30000645,Barbey,bharlinghw@reverbnation.com,agender,america,B
30000646,Lola,lpaitonhx@facebook.com,non-binary,america,A
30000647,Tarah,tcockshuthy@github.io,non-binary,oceania,D
30000648,Maxwell,mhrynczykhz@jugem.jp,male,africa,D
30000649,Urbano,ukuschkei0@salon.com,female,oceania,A
30000650,Leyla,lsurgeoneri1@cbsnews.com,non-binary,america,C
30000651,Faina,fscalloni2@youtube.com,agender,asia,A
30000652,Benoite,balekseevi3@sphinn.com,female,oceania,B
30000653,Tarrah,talpesi4@yale.edu,non-binary,africa,F
30000654,Fawnia,femblowi5@tiny.cc,agender,oceania,G
30000655,Linzy,lgounini6@bravesites.com,female,america,E
30000656,Devin,ddelliti7@umn.edu,transgender,oceania,B
30000657,Neala,nmusellii8@chronoengine.com,agender,america,B
30000658,Jameson,jeckarti9@theglobeandmail.com,non-binary,oceania,A
30000659,Terrie,tstredwickia@arizona.edu,female,america,F
30000660,Andy,acurtainib@google.ca,transgender,oceania,G
30000661,Poppy,pesslemontic@patch.com,agender,asia,A
30000662,Andris,aseivwrightid@livejournal.com,male,asia,F
30000663,Chevy,cdevilleie@stanford.edu,male,africa,A
30000664,Niles,nbuttrissif@businesswire.com,agender,africa,E
30000665,Deeanne,dsheekeyig@canalblog.com,female,africa,A
30000666,Britt,berbih@squidoo.com,non-binary,oceania,B
30000667,Conan,ccaulkettii@phoca.cz,transgender,oceania,G
30000668,Erwin,enortcliffeij@arizona.edu,female,europe,C
30000669,Eb,esimmonsik@prlog.org,male,africa,C
30000670,Halley,hmoakesil@cbsnews.com,non-binary,asia,D
30000671,Alex,adurganim@examiner.com,female,america,E
30000672,Gussi,glandyin@pagesperso-orange.fr,male,europe,E
30000673,Vale,vforestelio@wufoo.com,transgender,oceania,A
30000674,Winslow,wposseltip@un.org,female,europe,G
30000675,Kata,kroscowiq@princeton.edu,female,america,F
30000676,Sharai,spetfordir@nationalgeographic.com,non-binary,oceania,D
30000677,Cammy,cdunstanis@msn.com,female,africa,G
30000678,Jacquelynn,jmallabarit@ebay.co.uk,male,europe,D
30000679,Cordy,cgileiu@amazon.co.jp,non-binary,europe,E
30000680,Annelise,ahorneyiv@angelfire.com,agender,asia,B
30000681,Anya,atarpeyiw@prlog.org,agender,europe,E
30000682,Berti,bgransdenix@bloglines.com,male,africa,B
30000683,Yehudit,ychawkleyiy@4shared.com,female,africa,B
30000684,Carla,ccrowhurstiz@wikimedia.org,agender,europe,F
30000685,Dreddy,dpennaj0@chicagotribune.com,male,oceania,C
30000686,Leupold,lbarneveldj1@issuu.com,non-binary,oceania,G
30000687,Arvin,ajennionsj2@123-reg.co.uk,agender,europe,A
30000688,Althea,asydej3@webnode.com,female,oceania,F
30000689,Thomasa,theiblj4@discuz.net,male,oceania,A
30000690,Avrit,aelliottj5@bloglines.com,female,europe,B
30000691,Corenda,cvelldenj6@wikispaces.com,female,america,E
30000692,Ansel,ahowej7@topsy.com,non-binary,oceania,B
30000693,Zacharias,zjenteauj8@hibu.com,agender,oceania,D
30000694,Haley,hhawesj9@dmoz.org,male,europe,E
30000695,Vinita,vlelandja@cyberchimps.com,female,asia,B
30000696,Miguela,mmulhollandjb@alexa.com,transgender,africa,E
30000697,Harbert,hgriefjc@vimeo.com,male,europe,E
30000698,Vernon,vbaxsterjd@yale.edu,male,europe,B
30000699,Chris,cmccrossanje@ed.gov,female,america,G
30000700,Barrett,bofeenyjf@google.es,transgender,asia,C
30000701,Davey,djaquissjg@paginegialle.it,male,africa,F
30000702,Birgitta,browlingjh@china.com.cn,non-binary,oceania,D
30000703,Christoforo,cbroinlichji@quantcast.com,non-binary,asia,G
30000704,Jacquie,jbiddwelljj@sciencedaily.com,female,oceania,D
30000705,Dode,dchaterjk@weibo.com,female,europe,A
30000706,Corbie,crigtsjl@deviantart.com,female,america,D
30000707,Monte,mfaulconbridgejm@skyrock.com,non-binary,america,C
30000708,Annis,awyeldjn@admin.ch,female,africa,D
30000709,Nessie,nvereganjo@360.cn,male,oceania,C
30000710,Charlotte,cduerdinjp@wikimedia.org,female,europe,E
30000711,Corey,cmatthaijq@com.com,male,africa,A
30000712,Aharon,abrydiejr@spiegel.de,non-binary,oceania,C
30000713,Sebastian,sgreenigjs@com.com,female,asia,E
30000714,Ashlie,acabanjt@marketwatch.com,female,asia,D
30000715,Ethel,eleonidaju@go.com,non-binary,europe,C
30000716,Osbert,ohearndenjv@pen.io,agender,europe,E
30000717,Brigitte,bshipmanjw@independent.co.uk,transgender,asia,D
30000718,Wildon,wmissendenjx@usnews.com,transgender,oceania,F
30000719,Gonzales,gvangiffenjy@mapquest.com,agender,asia,D
30000720,Dorian,dlererjz@addtoany.com,female,america,A
30000721,Gerianne,gdreverk0@mozilla.org,agender,oceania,E
30000722,Dorine,dfechniek1@samsung.com,male,america,E
30000723,Patty,pcraigmylek2@dell.com,female,oceania,D
30000724,Maris,mhodginsk3@multiply.com,female,america,E
30000725,Vassily,vdreschek4@plala.or.jp,male,oceania,A
30000726,Larry,lgliddenk5@clickbank.net,female,oceania,E
30000727,Allianora,agimenezk6@cam.ac.uk,female,europe,E
30000728,Tiffany,tisackek7@europa.eu,male,oceania,A
30000729,Nahum,nbrombyk8@ucoz.com,male,europe,D
30000730,Spense,shuddartk9@fastcompany.com,female,oceania,A
30000731,Peggy,pexallka@youtube.com,non-binary,oceania,D
30000732,Nanine,nmurrellkb@mtv.com,male,asia,D
30000733,Orson,opeckhamkc@house.gov,male,america,C
30000734,Loralie,lsinkinkd@163.com,transgender,oceania,F
30000735,Dall,dcronkke@bloglovin.com,female,europe,C
30000736,Normie,nallseppkf@sourceforge.net,non-binary,africa,B
30000737,Adelheid,aletchkg@japanpost.jp,non-binary,africa,G
30000738,Guinevere,gdavanakh@canalblog.com,agender,oceania,B
30000739,Dixie,dtansleyki@sun.com,transgender,america,C
30000740,Terry,tfidellkj@tuttocitta.it,non-binary,africa,E
30000741,Wendy,wquinlankk@istockphoto.com,non-binary,asia,C
30000742,Perice,pcardellokl@meetup.com,male,oceania,D
30000743,Elfie,ebeardsallkm@cocolog-nifty.com,non-binary,asia,F
30000744,Kalvin,kleithkn@umn.edu,agender,africa,F
30000745,Melisent,mcottierko@slashdot.org,agender,asia,E
30000746,Janot,jcollocottkp@wix.com,female,oceania,B
30000747,Hobart,hlebondkq@huffingtonpost.com,non-binary,africa,B
30000748,Cornelle,cpashekr@zimbio.com,male,asia,F
30000749,Shaun,spollenks@gov.uk,agender,africa,F
30000750,Elena,emcnesskt@flavors.me,non-binary,america,E
30000751,Harrison,hdankersleyku@theatlantic.com,transgender,europe,B
30000752,Kane,kheapkv@w3.org,female,asia,B
30000753,Ignace,ikubicakw@sphinn.com,female,europe,D
30000754,Noella,nmardollkx@columbia.edu,male,asia,C
30000755,Noni,nfrudeky@woothemes.com,transgender,america,D
30000756,Terri-jo,tcritchkz@admin.ch,female,europe,B
30000757,Daloris,dparissl0@privacy.gov.au,female,asia,B
30000758,Elsworth,emclellandl1@buzzfeed.com,male,asia,F
30000759,Dari,dspiniellol2@bloglines.com,agender,africa,A
30000760,Raimundo,rleversuchl3@wsj.com,female,america,B
30000761,Willy,wzuppal4@google.com.au,agender,europe,D
30000762,Alden,amowlel5@rakuten.co.jp,non-binary,africa,D
30000763,Crysta,ccroninl6@usa.gov,male,asia,B
30000764,Giles,ghaskaynel7@diigo.com,transgender,africa,D
30000765,Hortense,hpitonel8@cornell.edu,male,america,A
30000766,Rock,rkeoghanl9@scientificamerican.com,transgender,america,C
30000767,Deloris,dboncorela@yandex.ru,male,africa,D
30000768,Ardyth,abeastonlb@zdnet.com,agender,america,G
30000769,Lucila,lmclartylc@stumbleupon.com,non-binary,america,G
30000770,Suzanne,ssumblerld@biglobe.ne.jp,agender,oceania,C
30000771,Brewer,bkennellyle@microsoft.com,non-binary,europe,E
30000772,Sal,sdeleonlf@dyndns.org,transgender,america,A
30000773,Tanitansy,traecroftlg@psu.edu,female,africa,B
30000774,Jocko,jmaccleodlh@booking.com,transgender,europe,A
30000775,Minor,mtythertonli@toplist.cz,male,oceania,C
30000776,Mala,mcattersonlj@weibo.com,transgender,oceania,G
30000777,Estella,eportchmouthlk@patch.com,male,africa,G
30000778,Clevie,cmityakovll@fema.gov,non-binary,africa,G
30000779,Tann,tdwyerlm@intel.com,female,europe,D
30000780,Gibbie,ggarretln@hexun.com,non-binary,oceania,F
30000781,Stanislaw,smorpethlo@dion.ne.jp,non-binary,europe,F
30000782,Delphinia,dshoesmithlp@state.gov,transgender,oceania,G
30000783,Bevin,barchiboldlq@google.co.jp,female,asia,A
30000784,Mariana,mconnelllr@pinterest.com,male,america,F
30000785,Monte,mgoneyls@tuttocitta.it,transgender,oceania,G
30000786,Laurie,lcamfieldlt@sakura.ne.jp,transgender,asia,B
30000787,Kathi,kedmundsonlu@springer.com,male,america,G
30000788,Dulcy,dmcnirlanlv@walmart.com,female,asia,C
30000789,Janina,jbeazelw@theguardian.com,male,oceania,B
30000790,Sayre,segglelx@drupal.org,male,asia,D
30000791,Paddy,pmordyly@google.it,agender,europe,F
30000792,Raychel,rmacliselz@ovh.net,non-binary,africa,F
30000793,Marget,mcrispem0@ft.com,transgender,america,G
30000794,Pembroke,pcorgenvinm1@foxnews.com,male,africa,D
30000795,Dani,dbendanm2@army.mil,female,america,F
30000796,Barnaby,bgreenmanm3@ucla.edu,female,europe,A
30000797,Kirby,kitzkovwitchm4@people.com.cn,agender,oceania,D
30000798,Ilario,igeraldezm5@discuz.net,transgender,africa,C
30000799,Cassandra,ctomkowiczm6@amazon.co.uk,non-binary,europe,E
30000800,Kalie,kkiplingm7@usatoday.com,transgender,europe,E
30000801,Lowell,lsutheringtonm8@jalbum.net,transgender,europe,G
30000802,Dane,ddowsonm9@smugmug.com,male,asia,B
30000803,Nicholle,ntimoneyma@addthis.com,non-binary,africa,E
30000804,Cristiano,cbeardwellmb@nih.gov,non-binary,america,G
30000805,Nefen,ngrovehammc@twitpic.com,female,america,F
30000806,Constantine,ckirschemd@ucoz.ru,non-binary,oceania,F
30000807,Corrie,cfarndonme@nature.com,agender,europe,C
30000808,Nickola,nantoniewskimf@jimdo.com,male,africa,F
30000809,Norman,nfischermg@storify.com,male,africa,A
30000810,Lock,lbernaertmh@harvard.edu,agender,europe,B
30000811,Cathlene,clonghornemi@trellian.com,non-binary,asia,F
30000812,Aeriell,asummerleymj@last.fm,transgender,africa,G
30000813,Robbert,rlambismk@hc360.com,male,europe,A
30000814,Viki,vrennerml@barnesandnoble.com,non-binary,oceania,B
30000815,Zonnya,zstuchburiemm@altervista.org,agender,america,G
30000816,Nolana,ncockaymemn@liveinternet.ru,male,oceania,A
30000817,Leona,lgaskmo@ustream.tv,non-binary,europe,D
30000818,Sibel,selvishmp@theguardian.com,transgender,africa,E
30000819,Burton,bmablymq@webs.com,female,oceania,B
30000820,Bentlee,brudeyeardmr@blogger.com,agender,america,D
30000821,Kiersten,kbessems@phoca.cz,transgender,america,B
30000822,Ulberto,ucraydenmt@sphinn.com,agender,asia,C
30000823,Herrick,hivashechkinmu@weibo.com,transgender,oceania,E
30000824,Angeline,aorthmv@archive.org,female,asia,G
30000825,Jaymee,jdabelmw@ask.com,male,asia,D
30000826,Johann,jirelandmx@stumbleupon.com,male,africa,F
30000827,Odie,ohuntermy@sciencedaily.com,agender,america,G
30000828,Gualterio,ghaestiermz@senate.gov,male,asia,B
30000829,Merrielle,mripshern0@vk.com,agender,oceania,E
30000830,Ingrid,ifilipponin1@adobe.com,non-binary,africa,F
30000831,Catarina,cquembyn2@arstechnica.com,non-binary,africa,D
30000832,Chloette,ccueln3@msu.edu,non-binary,america,G
30000833,Darn,dyaxleyn4@dailymotion.com,female,europe,D
30000834,Glyn,gbrooksbankn5@answers.com,male,america,C
30000835,Denni,dhanmern6@zimbio.com,transgender,africa,G
30000836,Henrik,hcurtoisn7@amazonaws.com,female,europe,G
30000837,Weylin,wcahanin8@sourceforge.net,non-binary,africa,D
30000838,Dominik,dredmainn9@vkontakte.ru,female,america,B
30000839,Gard,ghartingtonna@psu.edu,male,america,F
30000840,Christiano,cschwerinnb@last.fm,transgender,africa,B
30000841,Theodor,tmathewnc@altervista.org,non-binary,america,E
30000842,Yance,yvarneynd@illinois.edu,female,america,G
30000843,Judi,jconnikiene@ezinearticles.com,transgender,africa,F
30000844,Caresse,cknoknf@cam.ac.uk,female,oceania,C
30000845,Massimiliano,mlynaghng@who.int,female,america,F
30000846,Jonis,jedelernh@ebay.co.uk,agender,europe,C
30000847,Mylo,mbeggni@elegantthemes.com,non-binary,oceania,A
30000848,Trish,tsandifernj@google.co.jp,male,africa,B
30000849,Doe,ddunbobinnk@nytimes.com,transgender,america,E
30000850,Deane,daneleynl@dyndns.org,transgender,oceania,A
30000851,Kayne,kfontelnm@fc2.com,female,oceania,A
30000852,Dyane,dvolknn@pagesperso-orange.fr,agender,oceania,B
30000853,Essy,estubbeno@tripadvisor.com,female,europe,D
30000854,Denys,dbussennp@zdnet.com,male,asia,F
30000855,Konstantin,kbollernq@sogou.com,transgender,africa,A
30000856,Roxine,rpeschkenr@theglobeandmail.com,agender,africa,G
30000857,Christin,cjonesns@symantec.com,male,oceania,D
30000858,Cherin,codoghestynt@flickr.com,non-binary,america,D
30000859,Olenka,obernlinnu@sciencedaily.com,transgender,africa,B
30000860,Nissa,nhenzenv@slate.com,agender,oceania,D
30000861,Max,mmenelnw@stumbleupon.com,non-binary,oceania,C
30000862,Bethina,bbeentjesnx@tiny.cc,non-binary,oceania,E
30000863,Rosalinde,rrochfordny@reverbnation.com,non-binary,oceania,G
30000864,Emmy,ecalcuttnz@house.gov,female,america,F
30000865,Louise,lsegero0@cnn.com,male,europe,B
30000866,Darya,dpennellso1@shareasale.com,female,europe,A
30000867,Leontine,lrichfieldo2@rambler.ru,agender,oceania,E
30000868,Ced,cconiamo3@csmonitor.com,transgender,asia,A
30000869,Pavel,pvurleyo4@bluehost.com,male,asia,C
30000870,Jamison,jparleto5@yolasite.com,non-binary,europe,F
30000871,Adam,acouleo6@slideshare.net,agender,asia,E
30000872,Sharlene,sbushelo7@sun.com,transgender,asia,D
30000873,Legra,lhonigo8@walmart.com,agender,america,A
30000874,Bobbette,bnippero9@flickr.com,agender,africa,D
30000875,Blakeley,btuleyoa@webeden.co.uk,male,asia,E
30000876,Ignazio,iprowtingob@sbwire.com,female,europe,F
30000877,Edwina,eollieoc@phoca.cz,female,europe,C
30000878,Kimberley,kcollingwoodod@seattletimes.com,transgender,africa,C
30000879,Bart,bmanuaudoe@earthlink.net,transgender,america,F
30000880,Elaina,ecaseleyof@ucoz.com,female,asia,D
30000881,Hildegaard,hsamwayesog@apache.org,male,asia,B
30000882,Consolata,ctremellanoh@slate.com,agender,europe,D
30000883,Maryanne,mmilneroi@twitter.com,non-binary,oceania,B
30000884,Denver,dsenecauxoj@hc360.com,male,asia,F
30000885,Ernestine,eisaakok@joomla.org,agender,asia,A
30000886,Camilla,cpenrightol@dyndns.org,male,oceania,F
30000887,Guillema,gpaulischom@newyorker.com,non-binary,asia,B
30000888,Pail,pmiddlebrookon@china.com.cn,male,america,G
30000889,Haley,hfullerloveoo@google.ru,non-binary,america,D
30000890,Saunderson,smulbryop@vkontakte.ru,agender,oceania,C
30000891,Grace,geskelloq@sitemeter.com,agender,america,F
30000892,Wilden,wsoperor@macromedia.com,transgender,oceania,F
30000893,Angeli,amarjanovicos@cloudflare.com,transgender,africa,G
30000894,Filia,fliddallot@lycos.com,female,africa,G
30000895,Desdemona,dbookou@zimbio.com,transgender,oceania,B
30000896,Marrissa,mpinnellov@irs.gov,transgender,asia,G
30000897,Rebeka,rlutzmannow@usnews.com,non-binary,asia,G
30000898,Emery,ehibbartox@t-online.de,female,asia,D
30000899,Horten,hsalkildoy@miibeian.gov.cn,agender,america,C
30000900,Susette,ssmullenoz@hhs.gov,male,america,B
30000901,Felic,fjouningp0@abc.net.au,female,africa,A
30000902,Randall,rzarfatp1@google.cn,male,europe,E
30000903,Crissie,cousbyp2@wp.com,male,africa,G
30000904,Francene,fkonzelmannp3@uiuc.edu,male,europe,C
30000905,Tamqrah,tlintheadp4@npr.org,non-binary,africa,D
30000906,Desdemona,dcolemanp5@apple.com,male,asia,F
30000907,Andrea,aohannenp6@qq.com,non-binary,africa,D
30000908,Durant,dscousep7@canalblog.com,male,europe,F
30000909,Giacomo,gkoopp8@kickstarter.com,non-binary,europe,B
30000910,Al,athulbornp9@ucoz.com,male,oceania,D
30000911,Verna,vburfootpa@people.com.cn,male,oceania,A
30000912,Christian,choolaghanpb@ucoz.com,non-binary,europe,B
30000913,Devin,dbremondpc@china.com.cn,male,america,B
30000914,Kenyon,ksterrypd@shinystat.com,female,asia,E
30000915,Goddart,gtatlockpe@netlog.com,non-binary,europe,A
30000916,Vivianna,vbussellpf@people.com.cn,male,africa,C
30000917,Thadeus,ttwigleypg@jimdo.com,female,america,F
30000918,Rowan,rquembyph@indiegogo.com,agender,africa,E
30000919,Vita,vlaydelpi@privacy.gov.au,female,oceania,G
30000920,Kimberlee,kdarbenpj@china.com.cn,agender,asia,G
30000921,Drusie,dbrozekpk@ameblo.jp,transgender,europe,E
30000922,Bennie,blidgertwoodpl@wsj.com,female,africa,C
30000923,Gisele,gluipoldpm@cisco.com,male,europe,C
30000924,Neysa,ntomespn@ustream.tv,transgender,africa,B
30000925,Josephina,jpriddenpo@oracle.com,male,america,B
30000926,Whitney,wopenshawpp@vinaora.com,agender,africa,A
30000927,Aldon,arudallpq@phoca.cz,female,oceania,B
30000928,Anton,adenzeypr@baidu.com,female,america,F
30000929,Corliss,clemarchantps@mapy.cz,male,asia,F
30000930,Tiffany,tkleislept@google.es,agender,europe,D
30000931,Catherin,ccorballypu@nytimes.com,male,oceania,B
30000932,Rolland,rmacnabpv@php.net,female,asia,A
30000933,Aloysia,akaypw@bbc.co.uk,male,europe,F
30000934,Roseann,rberrygunpx@seattletimes.com,transgender,asia,A
30000935,Drake,dpattemorepy@biblegateway.com,agender,america,B
30000936,Vonni,vdarguepz@feedburner.com,male,europe,E
30000937,Corrine,cflahertyq0@prweb.com,transgender,asia,C
30000938,Jo ann,jrobuchonq1@storify.com,agender,oceania,E
30000939,Vally,vpierrepointq2@nydailynews.com,non-binary,europe,G
30000940,Frederigo,fclifftq3@accuweather.com,agender,europe,C
30000941,Marigold,mcasperq4@about.me,non-binary,africa,B
30000942,Mickey,mscriptureq5@sourceforge.net,agender,oceania,B
30000943,Colin,cjanesq6@mozilla.com,male,europe,G
30000944,Xenia,xkeyselq7@rambler.ru,transgender,america,G
30000945,Rand,rcottierq8@reverbnation.com,non-binary,africa,F
30000946,Julie,jearnshawq9@blogtalkradio.com,non-binary,america,A
30000947,Jo-anne,jbrollyqa@cornell.edu,female,africa,B
30000948,Worthington,wcordeyqb@webmd.com,male,asia,G
30000949,Bryant,bmaccaheyqc@usgs.gov,non-binary,asia,E
30000950,Trix,tbleasbyqd@so-net.ne.jp,non-binary,africa,A
30000951,Hali,hbossomqe@home.pl,non-binary,europe,F
30000952,Archaimbaud,agiamuzzoqf@apache.org,male,africa,G
30000953,Faun,fbraidmanqg@unesco.org,male,africa,A
30000954,Jasmine,jbrightmanqh@miitbeian.gov.cn,transgender,asia,C
30000955,Godfry,gsackesqi@google.ca,male,oceania,E
30000956,Redford,rlairdcraigqj@blogtalkradio.com,transgender,africa,D
30000957,Joyan,jsykoraqk@delicious.com,agender,asia,G
30000958,Murial,mdranceql@uol.com.br,male,europe,C
30000959,Hedi,hhargraveqm@un.org,agender,asia,A
30000960,Jeddy,jgilloppqn@rambler.ru,non-binary,oceania,F
30000961,Adelind,ameyrickqo@sciencedaily.com,transgender,asia,F
30000962,Theresita,ttoffoloqp@buzzfeed.com,transgender,oceania,E
30000963,Brenn,bwoodwinqq@fotki.com,agender,america,D
30000964,Georgeanne,groneyqr@un.org,female,oceania,D
30000965,Ivar,ifianderqs@reference.com,non-binary,asia,F
30000966,Rodney,rjiroudekqt@github.com,female,oceania,C
30000967,Seth,sbuckwellqu@eventbrite.com,transgender,america,B
30000968,Leighton,ltargettqv@reference.com,male,africa,B
30000969,Humfried,hslimmeqw@jalbum.net,transgender,america,E
30000970,Valentia,vmarquisqx@redcross.org,non-binary,europe,B
30000971,Carrissa,cdorricottqy@wired.com,female,oceania,B
30000972,Tommie,tonionqz@auda.org.au,male,oceania,B
30000973,Mitzi,mkielyr0@usa.gov,male,europe,F
30000974,Gavan,gstockerr1@washingtonpost.com,transgender,america,A
30000975,Merle,mmicheaur2@smh.com.au,transgender,europe,E
30000976,Remus,rstricklandr3@springer.com,male,asia,E
30000977,Guglielmo,gbentsenr4@printfriendly.com,transgender,europe,B
30000978,Marcello,msomersetr5@msu.edu,female,africa,B
30000979,Carilyn,cbainsr6@google.com,transgender,america,B
30000980,Veradis,vstainsonr7@independent.co.uk,male,oceania,E
30000981,Nanete,nmcnickler8@washington.edu,non-binary,europe,A
30000982,Raul,rciottoir9@oakley.com,non-binary,america,G
30000983,Kane,komaileyra@fema.gov,transgender,europe,C
30000984,Mendy,mbeddowsrb@naver.com,non-binary,asia,D
30000985,Emera,emcgloinrc@nytimes.com,transgender,africa,B
30000986,Nance,nwinramrd@google.cn,female,america,A
30000987,Iggy,iantonescure@dedecms.com,non-binary,asia,F
30000988,Oswell,oglandonrf@harvard.edu,non-binary,oceania,E
30000989,Basile,blavarackrg@rambler.ru,male,africa,A
30000990,Annmaria,agamblinrh@cnn.com,male,africa,G
30000991,Vilhelmina,vmaxsteadri@newsvine.com,non-binary,africa,D
30000992,Tracy,tduganrj@sciencedirect.com,female,europe,E
30000993,Lotta,lbiancork@163.com,transgender,africa,F
30000994,Francklyn,faindraisrl@nymag.com,female,oceania,A
30000995,Conny,cwishartrm@wikimedia.org,male,oceania,E
30000996,Roseline,rcorneyrn@answers.com,non-binary,america,G
30000997,Ashely,afewlessro@mashable.com,male,africa,A
30000998,Agathe,akenwortheyrp@census.gov,non-binary,oceania,A
30000999,Amitie,agillilandrq@creativecommons.org,transgender,oceania,E
30001000,Ronica,rpaschekrr@booking.com,non-binary,europe,B
